2026-03-24_16-12-19,---,draft.go:2026-03-24_16-12-19
2026-03-24_16-19-04,0,draft.go:2026-03-24_16-19-04
2026-03-24_16-19-28,0,draft.go:2026-03-24_16-19-04
2026-03-24_16-20-39,0,draft.go:2026-03-24_16-20-39
2026-03-24_16-21-29,0,draft.go:2026-03-24_16-21-29
2026-03-24_16-28-03,0,draft.go:2026-03-24_16-28-03
2026-03-24_16-28-19,0,draft.go:2026-03-24_16-28-19
2026-03-24_16-29-24,0,draft.go:2026-03-24_16-29-24
2026-03-30_16-12-52,---,draft.go:2026-03-30_16-12-52
2026-03-30_16-13-20,0,draft.go:2026-03-30_16-12-52
2026-03-30_16-13-43,0,draft.go:2026-03-30_16-13-43
2026-03-30_16-17-07,0,draft.go:2026-03-30_16-17-07
2026-03-30_16-24-56,0,draft.go:2026-03-30_16-24-56
2026-03-30_16-26-59,0,draft.go:2026-03-30_16-26-59
2026-03-31_18-50-04,---,draft.go:2026-03-30_16-26-59
2026-03-31_19-11-27,0,draft.go:2026-03-31_19-11-27
2026-03-31_19-12-14,0,draft.go:2026-03-31_19-12-14
2026-03-31_19-27-54,0,draft.go:2026-03-31_19-27-54
2026-03-31_19-28-20,0,draft.go:2026-03-31_19-28-20
2026-03-31_19-28-31,0,draft.go:2026-03-31_19-28-31
2026-03-31_19-30-55,0,draft.go:2026-03-31_19-30-55
2026-03-31_19-32-27,0,draft.go:2026-03-31_19-32-27
2026-03-31_19-33-25,0,draft.go:2026-03-31_19-33-25
2026-03-31_19-42-19,0,draft.go:2026-03-31_19-42-19
2026-03-31_19-42-44,0,draft.go:2026-03-31_19-42-44
2026-03-31_19-43-10,0,draft.go:2026-03-31_19-43-10
2026-03-31_19-54-28,0,draft.go:2026-03-31_19-54-28
2026-04-04_02-05-53,---,draft.go:2026-03-31_19-54-28
2026-04-04_02-06-09,0,draft.go:2026-03-31_19-54-28
2026-04-05_00-12-44,---,draft.go:2026-03-31_19-54-28
2026-04-05_00-17-55,0,draft.go:2026-04-05_00-17-55
2026-04-05_00-18-43,0,draft.go:2026-04-05_00-18-43
2026-04-05_00-19-02,0,draft.go:2026-04-05_00-19-02
2026-04-05_00-21-05,0,draft.go:2026-04-05_00-21-05
2026-04-05_00-21-27,0,draft.go:2026-04-05_00-21-27
2026-04-05_00-23-13,100,draft.go:2026-04-05_00-23-13
