2026-03-24_15-36-58,---,draft.go:2026-03-24_15-36-58
2026-03-24_15-37-12,0,draft.go:2026-03-24_15-36-58
2026-03-24_16-02-26,---,draft.go:2026-03-24_15-36-58
2026-03-24_16-02-46,---,draft.go:2026-03-24_15-36-58
2026-03-30_15-50-29,---,draft.go:2026-03-30_15-50-29
2026-03-30_15-50-48,0,draft.go:2026-03-30_15-50-29
2026-03-30_15-51-52,---,draft.go:2026-03-30_15-50-29
2026-03-30_15-59-35,0,draft.go:2026-03-30_15-59-35
2026-03-30_16-00-09,0,draft.go:2026-03-30_16-00-09
2026-03-30_16-00-39,0,draft.go:2026-03-30_16-00-39
2026-03-30_16-00-58,0,draft.go:2026-03-30_16-00-58
2026-03-30_16-01-35,0,draft.go:2026-03-30_16-01-35
2026-03-30_16-02-15,0,draft.go:2026-03-30_16-02-15
2026-03-30_16-03-54,0,draft.go:2026-03-30_16-03-54
2026-03-30_16-05-31,0,draft.go:2026-03-30_16-05-31
2026-03-30_16-07-16,0,draft.go:2026-03-30_16-07-16
2026-03-30_16-07-51,0,draft.go:2026-03-30_16-07-51
2026-03-31_16-48-49,0,draft.go:2026-03-31_16-48-49
2026-03-31_18-57-37,---,draft.go:2026-03-31_16-48-49
2026-04-04_00-15-57,---,draft.go:2026-03-31_16-48-49
2026-04-04_00-19-10,0,draft.go:2026-03-31_16-48-49
2026-04-04_00-19-52,0,draft.go:2026-04-04_00-19-52
2026-04-04_00-21-51,0,draft.go:2026-04-04_00-21-51
2026-04-04_00-27-18,0,draft.go:2026-04-04_00-27-18
2026-04-04_00-27-25,0,draft.go:2026-04-04_00-27-25
2026-04-04_00-27-37,33,draft.go:2026-04-04_00-27-37
2026-04-04_00-28-19,33,draft.go:2026-04-04_00-28-19
2026-04-04_00-28-55,66,draft.go:2026-04-04_00-28-55
2026-04-04_00-32-14,66,draft.go:2026-04-04_00-32-14
2026-04-04_00-40-18,66,draft.go:2026-04-04_00-40-18
2026-04-04_00-41-50,66,draft.go:2026-04-04_00-41-50
2026-04-04_00-45-14,66,draft.go:2026-04-04_00-45-14
2026-04-04_01-03-36,66,draft.go:2026-04-04_01-03-36
2026-04-04_01-06-50,66,draft.go:2026-04-04_01-06-50
2026-04-04_01-09-46,66,draft.go:2026-04-04_01-09-46
2026-04-04_01-17-27,66,draft.go:2026-04-04_01-17-27
2026-04-04_01-18-02,66,draft.go:2026-04-04_01-18-02
2026-04-04_01-18-14,66,draft.go:2026-04-04_01-18-14
2026-04-04_01-20-27,---,draft.go:2026-04-04_01-20-27
2026-04-04_01-20-33,66,draft.go:2026-04-04_01-20-27
2026-04-04_01-23-54,66,draft.go:2026-04-04_01-23-54
2026-04-04_01-24-19,66,draft.go:2026-04-04_01-24-19
2026-04-04_01-24-44,66,draft.go:2026-04-04_01-24-44
2026-04-04_01-25-40,66,draft.go:2026-04-04_01-25-40
2026-04-04_01-27-34,66,draft.go:2026-04-04_01-27-34
2026-04-04_01-28-22,66,draft.go:2026-04-04_01-28-22
2026-04-04_01-28-57,66,draft.go:2026-04-04_01-28-57
2026-04-04_01-33-43,66,draft.go:2026-04-04_01-33-43
2026-04-04_01-36-22,66,draft.go:2026-04-04_01-36-22
2026-04-04_01-39-05,83,draft.go:2026-04-04_01-39-05
2026-04-04_01-44-46,83,draft.go:2026-04-04_01-44-46
2026-04-04_01-45-56,83,draft.go:2026-04-04_01-45-56
2026-04-04_01-46-04,83,draft.go:2026-04-04_01-45-56
2026-04-04_01-47-43,83,draft.go:2026-04-04_01-47-43
2026-04-04_01-52-56,83,draft.go:2026-04-04_01-52-56
2026-04-04_01-53-15,83,draft.go:2026-04-04_01-53-15
2026-04-04_01-54-17,83,draft.go:2026-04-04_01-53-15
2026-04-04_01-54-50,83,draft.go:2026-04-04_01-54-50
2026-04-04_01-59-30,100,draft.go:2026-04-04_01-59-30
