2026-03-30_16-30-11,---,draft.go:2026-03-30_16-30-11
2026-03-30_16-32-21,---,draft.go:2026-03-30_16-30-11
2026-03-30_16-38-41,0,draft.go:2026-03-30_16-38-41
2026-04-04_15-22-30,---,draft.go:2026-04-04_15-22-30
2026-04-04_15-25-22,0,draft.go:2026-04-04_15-25-22
2026-04-04_15-44-50,0,draft.go:2026-04-04_15-44-50
2026-04-04_15-45-15,0,draft.go:2026-04-04_15-45-15
2026-04-04_15-48-27,0,draft.go:2026-04-04_15-48-27
2026-04-04_15-48-48,0,draft.go:2026-04-04_15-48-48
2026-04-04_15-58-22,0,draft.go:2026-04-04_15-58-22
2026-04-04_15-58-46,0,draft.go:2026-04-04_15-58-46
2026-04-04_15-58-53,0,draft.go:2026-04-04_15-58-53
2026-04-04_15-58-58,0,draft.go:2026-04-04_15-58-58
2026-04-04_15-59-26,100,draft.go:2026-04-04_15-59-26
