2026-03-31_15-21-33,---,shell.go:2026-03-31_15-21-33
2026-03-31_15-23-32,0,shell.go:2026-03-31_15-21-33
2026-03-31_15-24-30,28,shell.go:2026-03-31_15-24-30
2026-03-31_15-26-28,28,shell.go:2026-03-31_15-24-30
2026-03-31_15-26-31,28,shell.go:2026-03-31_15-26-31
2026-03-31_15-27-25,42,shell.go:2026-03-31_15-27-25
2026-03-31_15-28-51,57,shell.go:2026-03-31_15-28-51
2026-03-31_15-30-09,71,shell.go:2026-03-31_15-30-09
2026-03-31_15-39-43,71,shell.go:2026-03-31_15-39-43
2026-03-31_15-40-03,71,shell.go:2026-03-31_15-40-03
2026-03-31_15-40-17,71,shell.go:2026-03-31_15-40-17
2026-03-31_15-41-21,71,shell.go:2026-03-31_15-41-21
2026-03-31_15-41-52,71,shell.go:2026-03-31_15-41-52
2026-03-31_15-43-21,85,shell.go:2026-03-31_15-43-21
2026-03-31_15-43-26,71,shell.go:2026-03-31_15-43-21
2026-03-31_15-43-41,71,shell.go:2026-03-31_15-43-21
2026-03-31_15-43-42,85,shell.go:2026-03-31_15-43-21
2026-03-31_15-54-09,71,shell.go:2026-03-31_15-54-09
2026-03-31_16-01-43,71,shell.go:2026-03-31_16-01-43
2026-03-31_16-01-51,71,shell.go:2026-03-31_16-01-51
2026-03-31_16-02-41,71,shell.go:2026-03-31_16-02-41
2026-03-31_16-03-23,71,shell.go:2026-03-31_16-03-23
2026-03-31_16-03-32,71,shell.go:2026-03-31_16-03-32
2026-03-31_16-05-03,71,shell.go:2026-03-31_16-05-03
2026-03-31_16-06-48,71,shell.go:2026-03-31_16-06-48
2026-03-31_16-11-24,71,shell.go:2026-03-31_16-11-24
2026-03-31_18-47-21,85,shell.go:2026-03-31_18-47-21
2026-03-31_18-48-44,100,shell.go:2026-03-31_18-48-44
2026-03-31_18-53-06,100,shell.go:2026-03-31_18-48-44
